,itemLabel,occupationLabel,genderLabel,bdayLabel,citizenshipLabel
0,Adèle Exarchopoulos,"actor, model, film actor",female,1993-11-22T00:00:00Z,France
1,Al Pacino,"stage actor, film producer, television actor, film actor",male,1940-04-25T00:00:00Z,United States of America
2,Alan Arkin,"screenwriter, writer, singer, musician, character actor, television director, stage actor, film director, film producer, theatrical director, children's writer, television actor, film actor, science fiction writer",male,1934-03-26T00:00:00Z,United States of America
3,Alan Rickman,"screenwriter, actor, writer, graphic designer, character actor, stage actor, voice actor, film director, film producer, theatrical director, director, television actor, film actor",male,1946-02-21T00:00:00Z,United Kingdom
4,Albert Finney,"screenwriter, actor, singer, television director, stage actor, film director, film producer, television actor, film actor",male,1936-05-09T00:00:00Z,United Kingdom
5,Alec Guinness,"screenwriter, character actor, stage actor, television actor, film actor, autobiographer",male,1914-04-02T00:00:00Z,United Kingdom
6,Alicia Vikander,"actor, voice actor, film producer, dancer, film actor",female,1988-10-03T00:00:00Z,Sweden
7,Alyson Hannigan,"actor, actor, stage actor, stage actor, television actor, television actor, film actor, film actor",female,1974-03-24T00:00:00Z,United States of America
8,Amanda Plummer,"stage actor, television actor, film actor",female,1957-03-23T00:00:00Z,United States of America
9,Amy Adams,"actor, actor, singer, singer, stage actor, stage actor, voice actor, voice actor, dancer, dancer, television actor, television actor, film actor, film actor",female,1974-08-20T00:00:00Z,United States of America
10,Angelina Jolie,"screenwriter, screenwriter, actor, actor, writer, writer, character actor, character actor, executive producer, executive producer, filmmaker, filmmaker, voice actor, voice actor, film director, film director, film producer, film producer, fashion model, fashion model, model, model, television actor, television actor, film actor, film actor, philanthropist, philanthropist, manufacturer, manufacturer, diarist, diarist, humanitarian, humanitarian, film screenwriter, film screenwriter",female,1975-06-04T00:00:00Z,United States of America
11,Anna Kendrick,"actor, singer, stage actor, voice actor, television actor, film actor, autobiographer",female,1985-08-09T00:00:00Z,United States of America
12,Anne Hathaway,"singer, stage actor, voice actor, television actor, film actor",female,1982-11-12T00:00:00Z,United States of America
13,Anthony Hopkins,"screenwriter, screenwriter, actor, actor, composer, composer, performing artist, performing artist, stage actor, stage actor, film director, film director, film producer, film producer, television actor, television actor, film actor, film actor",male,1937-12-31T00:00:00Z,United States of America
14,Anthony Quinn,"actor, actor, writer, writer, painter, painter, sculptor, sculptor, film director, film director, television actor, television actor, film actor, film actor",male,1915-04-21T00:00:00Z,United States of America
15,Audrey Tautou,"actor, model, film actor",female,1976-08-09T00:00:00Z,France
16,Ben Kingsley,"actor, character actor, stage actor, television actor, film actor",male,1943-12-31T00:00:00Z,United Kingdom
17,Benicio del Toro,"screenwriter, screenwriter, actor, actor, film director, film director, film producer, film producer, television actor, television actor, film actor, film actor",male,1967-02-19T00:00:00Z,Spain
18,Bette Davis,"actor, musician, character actor, stage actor, television actor, film actor, autobiographer",female,1908-04-05T00:00:00Z,United States of America
19,Bibi Andersson,"stage actor, film actor",female,1935-11-11T00:00:00Z,Sweden
20,Bill Murray,"screenwriter, comedian, character actor, voice actor, film director, film producer, television actor, film actor, autobiographer",male,1950-09-21T00:00:00Z,United States of America
21,Blake Lively,"actor, fashion model, model, television actor, film actor",female,1987-08-25T00:00:00Z,United States of America
22,Brad Pitt,"television producer, executive producer, voice actor, film director, film producer, model, television actor, film actor",male,1963-12-18T00:00:00Z,United States of America
23,Brie Larson,"screenwriter, screenwriter, actor, actor, singer, singer, television producer, television producer, film director, film director, film producer, film producer, director, director, television actor, television actor, film actor, film actor",female,1989-10-01T00:00:00Z,Canada
24,Burt Lancaster,"screenwriter, screenwriter, actor, actor, stage actor, stage actor, film director, film director, film producer, film producer, television actor, television actor, film actor, film actor, acrobat, acrobat, circus performer, circus performer",male,1913-11-02T00:00:00Z,United States of America
25,Buster Keaton,"screenwriter, actor, writer, comedian, stunt performer, mime artist, stage actor, film director, film producer, director, film editor, television actor, film actor",male,1895-10-04T00:00:00Z,United States of America
26,Cameron Diaz,"actor, television producer, executive producer, voice actor, film producer, fashion model, model, television actor, film actor, non-fiction writer",female,1972-08-30T00:00:00Z,United States of America
27,Carey Mulligan,"actor, actor, stage actor, stage actor, voice actor, voice actor, film actor, film actor",female,1985-05-28T00:00:00Z,United Kingdom
28,Carrie Fisher,"spokesperson, screenwriter, actor, writer, singer, playwright, script doctor, stage actor, voice actor, film producer, novelist, television actor, film actor",female,1956-10-21T00:00:00Z,United States of America
29,Cary Grant,"actor, actor, writer, writer, businessperson, businessperson, comedian, comedian, stage actor, stage actor, film producer, film producer, film actor, film actor, circus performer, circus performer, autobiographer, autobiographer",male,1904-01-18T00:00:00Z,United States of America
30,Cate Blanchett,"actor, actor, television producer, television producer, stage actor, stage actor, voice actor, voice actor, film director, film director, film producer, film producer, film actor, film actor, international forum participant, international forum participant",female,1969-05-14T00:00:00Z,United States of America
31,Charles Laughton,"screenwriter, screenwriter, actor, actor, writer, writer, stage actor, stage actor, film director, film director, film producer, film producer, theatrical director, theatrical director, director, director, television actor, television actor, film actor, film actor",male,1899-07-01T00:00:00Z,United States of America
32,Charlie Chaplin,"screenwriter, screenwriter, actor, actor, composer, composer, comedian, comedian, mime artist, mime artist, film score composer, film score composer, stage actor, stage actor, film director, film director, film producer, film producer, director, director, film editor, film editor, film actor, film actor, autobiographer, autobiographer",male,1889-04-16T00:00:00Z,United Kingdom
33,Charlize Theron,"actor, actor, voice actor, voice actor, film producer, film producer, model, model, television actor, television actor, film actor, film actor, international forum participant, international forum participant",female,1975-08-07T00:00:00Z,United States of America
34,Charlton Heston,"screenwriter, actor, writer, stage actor, voice actor, film director, television actor, film actor, trade unionist, autobiographer",male,1923-10-04T00:00:00Z,United States of America
35,Chloë Grace Moretz,"actor, voice actor, model, television actor, film actor",female,1997-02-10T00:00:00Z,United States of America
36,Chris Hemsworth,"actor, model, television actor, film actor",male,1983-08-11T00:00:00Z,Australia
37,Christian Bale,"actor, actor, character actor, character actor, voice actor, voice actor, film producer, film producer, television actor, television actor, film actor, film actor",male,1974-01-30T00:00:00Z,United States of America
38,Christoph Waltz,"actor, actor, stage actor, stage actor, film director, film director, theatrical director, theatrical director, director, director, television actor, television actor, film actor, film actor",male,1956-10-04T00:00:00Z,Austria
39,Christopher Plummer,"actor, character actor, stage actor, voice actor, television actor, film actor",male,1929-12-13T00:00:00Z,Canada
40,Christopher Walken,"screenwriter, character actor, stage actor, voice actor, film director, model, dancer, television actor, film actor",male,1943-03-31T00:00:00Z,United States of America
41,Clark Gable,film actor,male,1901-02-01T00:00:00Z,United States of America
42,Clint Eastwood,"screenwriter, mayor, actor, composer, singer, songwriter, character actor, film score composer, aircraft pilot, film director, film producer, restaurateur, soldier, television actor, film actor, jazz musician, peace activist, helicopter pilot",male,1930-05-31T00:00:00Z,United States of America
43,Colin Firth,"screenwriter, screenwriter, actor, actor, writer, writer, stage actor, stage actor, film producer, film producer, television actor, television actor, film actor, film actor",male,1960-09-10T00:00:00Z,Italy
44,Daisy Ridley,"actor, singer, film actor",female,1992-04-10T00:00:00Z,United Kingdom
45,Daniel Day-Lewis,"actor, actor, artist, artist, stage actor, stage actor, television actor, television actor, film actor, film actor",male,1957-04-29T00:00:00Z,Republic of Ireland
46,Demi Moore,"actor, stage actor, voice actor, film director, film producer, model, television actor, film actor",female,1962-11-11T00:00:00Z,United States of America
47,Denzel Washington,"spokesperson, actor, stage actor, film director, film producer, television actor, film actor",male,1954-12-28T00:00:00Z,United States of America
48,Diane Keaton,film actor,female,1946-01-05T00:00:00Z,United States of America
49,Diane Kruger,"actor, voice actor, model, television actor, film actor",female,1976-07-15T00:00:00Z,Germany
50,Don Cheadle,"screenwriter, actor, writer, television producer, voice actor, film director, film producer, television actor, film actor, poker player, international forum participant",male,1964-11-29T00:00:00Z,United States of America
51,Dustin Hoffman,"television presenter, character actor, theatrical producer, stage actor, voice actor, film director, film producer, television actor, film actor",male,1937-08-08T00:00:00Z,United States of America
52,Edward G. Robinson,"character actor, character actor, stage actor, stage actor, art collector, art collector, television actor, television actor, film actor, film actor",male,1893-12-12T00:00:00Z,United States of America
53,Edward Norton,"screenwriter, character actor, stage actor, voice actor, film director, film producer, environmentalist, television actor, film actor",male,1969-08-18T00:00:00Z,United States of America
54,Elizabeth Banks,"screenwriter, actor, voice actor, film director, film producer, television actor, film actor",female,1974-02-10T00:00:00Z,United States of America
55,Elizabeth Olsen,"actor, television actor, film actor",female,1989-02-16T00:00:00Z,United States of America
56,Ellen Burstyn,"actor, character actor, stage actor, television actor, film actor",female,1932-12-07T00:00:00Z,United States of America
57,Elliot Page,"film actor, film actor",non-binary,1987-02-21T00:00:00Z,Canada
58,Emily Blunt,"screenwriter, screenwriter, actor, actor, stage actor, stage actor, television actor, television actor, film actor, film actor",female,1983-02-23T00:00:00Z,United States of America
59,Emma Mackey,"actor, actor, model, model, film actor, film actor",female,1996-01-04T00:00:00Z,France
60,Emma Stone,"actor, stage actor, voice actor, television actor, film actor, actor, stage actor, voice actor, television actor, film actor",female,1988-11-06T00:00:00Z,United States of America
61,Emma Watson,"actor, child actor, stage actor, voice actor, fashion model, model, film actor, activist",female,1990-04-15T00:00:00Z,United Kingdom
62,Emmy Rossum,"actor, actor, opera singer, opera singer, television actor, television actor, film actor, film actor",female,1986-09-12T00:00:00Z,United States of America
63,Eva Green,"actor, actor, composer, composer, model, model",female,1980-07-06T00:00:00Z,France
64,Evangeline Lilly,"actor, flight attendant, model, film actor",female,1979-08-03T00:00:00Z,Canada
65,Faye Dunaway,"screenwriter, actor, stage actor, film director, film producer, television actor, film actor",female,1941-01-14T00:00:00Z,United States of America
66,Felicity Jones,"actor, child actor, executive producer, voice actor, film actor",female,1983-10-17T00:00:00Z,United Kingdom
67,Frances McDormand,"actor, television producer, character actor, stage actor, voice actor, television actor, film actor, manufacturer",female,1957-06-23T00:00:00Z,United States of America
68,Gary Cooper,"screenwriter, actor, television actor, film actor",male,1901-05-07T00:00:00Z,United States of America
69,Gary Oldman,"screenwriter, screenwriter, actor, actor, character actor, character actor, stage actor, stage actor, voice actor, voice actor, film director, film director, film producer, film producer, television actor, television actor, film actor, film actor",male,1958-03-21T00:00:00Z,United States of America
70,Gene Hackman,"author, author, racing automobile driver, racing automobile driver, film actor, film actor",male,1930-01-30T00:00:00Z,United States of America
71,Gene Kelly,"screenwriter, actor, singer, stage actor, choreographer, film director, film producer, dancer, television actor, film actor",male,1912-08-23T00:00:00Z,United States of America
72,Geoffrey Rush,"actor, stage actor, voice actor, film producer, film actor",male,1951-07-06T00:00:00Z,Australia
73,George C. Scott,"actor, actor, stage actor, stage actor, film director, film director, film producer, film producer, director, director, film actor, film actor",male,1927-10-18T00:00:00Z,United States of America
74,Gloria Swanson,"actor, actor, stage actor, stage actor, film producer, film producer, television actor, television actor, film actor, film actor, autobiographer, autobiographer",female,1899-03-27T00:00:00Z,United States of America
75,Grace Kelly,"actor, actor, stage actor, stage actor, aristocrat, aristocrat, model, model, television actor, television actor, film actor, film actor",female,1929-11-12T00:00:00Z,United States of America
76,Gregory Peck,"character actor, stage actor, film producer, television actor, film actor",male,1916-04-05T00:00:00Z,United States of America
77,Hailee Steinfeld,"actor, singer, voice actor, model, television actor, film actor",female,1996-12-11T00:00:00Z,United States of America
78,Harrison Ford,"actor, carpenter, aircraft pilot, voice actor, film producer, environmentalist",male,1942-07-13T00:00:00Z,United States of America
79,Heath Ledger,"character actor, film director, television actor, film actor",male,1979-04-04T00:00:00Z,Australia
80,Helena Bonham Carter,"stage actor, voice actor, film actor",female,1966-05-26T00:00:00Z,United Kingdom
81,Henry Fonda,"screenwriter, actor, television producer, beekeeper, stage actor, film producer, naval officer, television actor, film actor",male,1905-05-16T00:00:00Z,United States of America
82,Hilary Swank,"actor, film producer, television actor, film actor",female,1974-07-30T00:00:00Z,United States of America
83,Hugh Jackman,"actor, actor, singer, singer, musician, musician, television presenter, television presenter, executive producer, executive producer, musical theatre actor, musical theatre actor, stage actor, stage actor, voice actor, voice actor, film producer, film producer, television actor, television actor, film actor, film actor",male,1968-10-12T00:00:00Z,United Kingdom
84,Humphrey Bogart,"screenwriter, screenwriter, actor, actor, character actor, character actor, stage actor, stage actor, film actor, film actor",male,1899-12-25T00:00:00Z,United States of America
85,Ian McKellen,"actor, stage actor, voice actor, television actor, film actor",male,1939-05-25T00:00:00Z,United Kingdom
86,Ingrid Bergman,"actor, stage actor, film actor, autobiographer",female,1915-08-29T00:00:00Z,Sweden
87,Jack Lemmon,"actor, military officer, comedian, musician, television presenter, character actor, stage actor, film director, television actor, film actor",male,1925-02-08T00:00:00Z,United States of America
88,Jack Nicholson,"screenwriter, actor, writer, character actor, film director, film producer, art collector, television actor, film actor",male,1937-04-22T00:00:00Z,United States of America
89,James Cagney,"character actor, character actor, stage actor, stage actor, film director, film director, television actor, television actor, film actor, film actor, trade unionist, trade unionist",male,1899-07-17T00:00:00Z,United States of America
90,James Dean,"actor, stage actor, racing automobile driver, television actor, film actor",male,1931-02-08T00:00:00Z,United States of America
91,James Stewart,"screenwriter, screenwriter, actor, actor, military personnel, military personnel, poet, poet, military officer, military officer, character actor, character actor, television director, television director, aircraft pilot, aircraft pilot, stage actor, stage actor, voice actor, voice actor, film director, film director, television actor, television actor, film actor, film actor",male,1908-05-20T00:00:00Z,United States of America
92,Jamie Foxx,"actor, writer, singer, comedian, pianist, songwriter, rapper, voice actor, film director, film producer, television actor, film actor, game show host",male,1967-12-13T00:00:00Z,United States of America
93,Janet Leigh,"actor, writer, singer, character actor, stage actor, television actor, film actor",female,1927-07-06T00:00:00Z,United States of America
94,Jason Robards,"actor, stage actor, voice actor, television actor, film actor",male,1922-07-26T00:00:00Z,United States of America
95,Javier Bardem,"actor, television actor, film actor, rugby player, rugby union player",male,1969-03-01T00:00:00Z,Spain
96,Jeff Bridges,"photographer, actor, composer, singer, singer-songwriter, character actor, painter, voice actor, film producer, television actor, film actor",male,1949-12-04T00:00:00Z,United States of America
97,Jennifer Aniston,"actor, businessperson, entrepreneur, executive producer, stage actor, voice actor, film director, film producer, television actor, film actor",female,1969-02-11T00:00:00Z,United States of America
98,Jennifer Connelly,"actor, singer, voice actor, model",female,1970-12-12T00:00:00Z,United States of America
99,Jennifer Jason Leigh,"screenwriter, actor, film director, film producer",female,1962-02-05T00:00:00Z,United States of America
100,Jennifer Lawrence,"actor, television actor, film actor",female,1990-08-15T00:00:00Z,United States of America
101,Jeremy Irons,"actor, actor, stage actor, stage actor, voice actor, voice actor, television actor, television actor, film actor, film actor",male,1948-09-19T00:00:00Z,United Kingdom
102,Jessica Chastain,"actor, film producer",female,1977-03-24T00:00:00Z,United States of America
103,Jim Carrey,"screenwriter, screenwriter, actor, actor, comedian, comedian, painter, painter, voice actor, voice actor, film producer, film producer, television actor, television actor",male,1962-01-17T00:00:00Z,Canada
104,Jimmy Fallon,"screenwriter, actor, writer, comedian, television producer, television presenter, voice actor, television actor, film actor, talk show host",male,1974-09-19T00:00:00Z,United States of America
105,Joan Allen,"stage actor, voice actor, television actor, film actor",female,1956-08-20T00:00:00Z,United States of America
106,Joaquin Phoenix,"screenwriter, actor, singer, television producer, rapper, music video director, voice actor, film director, street artist, film producer, environmentalist, television actor, film actor, activist, animal rights advocate",male,1974-10-28T00:00:00Z,United States of America
107,Jodie Foster,"actor, television producer, character actor, executive producer, theatrical producer, voice actor, film director, film producer, television actor, film actor",female,1962-11-19T00:00:00Z,United States of America
108,Joe Pesci,"actor, singer, comedian, musician, character actor, television actor, film actor",male,1943-02-09T00:00:00Z,United States of America
109,John Goodman,"actor, singer, comedian, stage actor, voice actor, film producer, television actor, film actor",male,1952-06-20T00:00:00Z,United States of America
110,John Wayne,"screenwriter, actor, film director, film producer, television actor, film actor, American football player",male,1907-05-26T00:00:00Z,United States of America
111,Johnny Depp,"screenwriter, actor, musician, guitarist, voice actor, film director, film producer, television actor, film actor, nightclub owner",male,1963-06-09T00:00:00Z,United States of America
112,Jon Voight,"screenwriter, actor, comedian, voice actor, film producer, television actor",male,1938-12-29T00:00:00Z,United States of America
113,Julia Louis-Dreyfus,"singer, stage actor, voice actor, film producer, television actor, film actor",female,1961-01-13T00:00:00Z,United States of America
114,Julia Roberts,"actor, stage actor, voice actor, film producer, model, television actor, film actor",female,1967-10-28T00:00:00Z,United States of America
115,Julianne Moore,"actor, actor, writer, writer, television producer, television producer, stage actor, stage actor, voice actor, voice actor, film producer, film producer, children's writer, children's writer, television actor, television actor, film actor, film actor",female,1960-12-03T00:00:00Z,United States of America
116,Julie Delpy,"screenwriter, screenwriter, composer, composer, singer, singer, singer-songwriter, singer-songwriter, film director, film director, film producer, film producer, film editor, film editor, television actor, television actor, film actor, film actor",female,1969-12-21T00:00:00Z,United States of America
117,Kate Mara,"actor, executive producer, stage actor, voice actor, television actor, film actor",female,1983-02-27T00:00:00Z,United States of America
118,Kate Winslet,"actor, singer, stage actor, voice actor, television actor, film actor",female,1975-10-05T00:00:00Z,United Kingdom
119,Katherine Parkinson,"actor, comedian, stage actor, film actor",female,1977-07-08T00:00:00Z,United Kingdom
120,Katheryn Winnick,"actor, martial artist",female,1977-12-17T00:00:00Z,Canada
121,Kaya Scodelario,"actor, child actor, model, television actor, film actor",female,1992-03-13T00:00:00Z,United Kingdom
122,Keira Knightley,"actor, stage actor, voice actor, model, television actor, film actor",female,1985-03-26T00:00:00Z,United Kingdom
123,Kevin Spacey,"screenwriter, actor, television producer, character actor, stage actor, voice actor, film director, film producer, theatrical director, television actor, film actor, international forum participant",male,1959-07-26T00:00:00Z,United States of America
124,Kim Basinger,"singer, stage actor, voice actor, film producer, model, television actor, film actor",female,1953-12-08T00:00:00Z,United States of America
125,Kim Novak,"painter, painter, model, model, television actor, television actor, film actor, film actor",female,1933-02-13T00:00:00Z,United States of America
126,Kirk Douglas,"screenwriter, actor, author, stage actor, film director, film producer, soldier, television actor, film actor",male,1916-12-09T00:00:00Z,United States of America
127,Kirsten Dunst,"screenwriter, screenwriter, actor, actor, singer, singer, voice actor, voice actor, film director, film director, film producer, film producer, model, model, television actor, television actor, film actor, film actor",female,1982-04-30T00:00:00Z,United States of America
128,Lauren Cohan,"actor, actor, stage actor, stage actor, fashion model, fashion model, model, model, television actor, television actor, film actor, film actor",female,1982-01-07T00:00:00Z,United States of America
129,Laurence Olivier,"screenwriter, screenwriter, screenwriter, actor, actor, actor, politician, politician, politician, dramaturge, dramaturge, dramaturge, character actor, character actor, character actor, stage actor, stage actor, stage actor, film director, film director, film director, film producer, film producer, film producer, theatrical director, theatrical director, theatrical director, director, director, director, television actor, television actor, television actor, film actor, film actor, film actor",male,1907-05-22T00:00:00Z,United Kingdom
130,Leonardo DiCaprio,"screenwriter, actor, stage actor, film producer, environmentalist, television actor, film actor",male,1974-11-11T00:00:00Z,United States of America
131,Liam Hemsworth,"actor, television actor, film actor",male,1990-01-13T00:00:00Z,Australia
132,Liam Neeson,"actor, actor, actor, association football player, association football player, association football player, stage actor, stage actor, stage actor, voice actor, voice actor, voice actor, television actor, television actor, television actor, film actor, film actor, film actor, boxer, boxer, boxer",male,1952-06-07T00:00:00Z,Republic of Ireland
133,Liv Ullmann,"screenwriter, screenwriter, actor, actor, writer, writer, television director, television director, stage actor, stage actor, film director, film director, television actor, television actor, film actor, film actor, autobiographer, autobiographer",female,1938-12-16T00:00:00Z,Norway
134,Lucy Liu,"actor, stage actor, voice actor, film director, director, television actor, film actor",female,1968-12-02T00:00:00Z,United States of America
135,Léa Seydoux,"actor, film actor",female,1985-07-01T00:00:00Z,France
136,Maggie Gyllenhaal,"screenwriter, screenwriter, stage actor, stage actor, voice actor, voice actor, film director, film director, television actor, television actor, film actor, film actor",female,1977-11-16T00:00:00Z,United States of America
137,Maggie Smith,"character actor, stage actor, television actor, film actor",female,1934-12-28T00:00:00Z,United Kingdom
138,Margot Robbie,"actor, voice actor, film producer, model, film actor, actor, voice actor, film producer, model, film actor",female,1990-07-02T00:00:00Z,Australia
139,Marilyn Monroe,"actor, singer, Playboy Playmate, film producer, fashion model, model, film actor, autobiographer",female,1926-06-01T00:00:00Z,United States of America
140,Marion Cotillard,"actor, actor",female,1975-09-30T00:00:00Z,France
141,Marlene Dietrich,"actor, actor, actor, actor, entertainer, entertainer, entertainer, entertainer, singer, singer, singer, singer, musician, musician, musician, musician, violinist, violinist, violinist, violinist, stage actor, stage actor, stage actor, stage actor, television actor, television actor, television actor, television actor, film actor, film actor, film actor, film actor, autobiographer, autobiographer, autobiographer, autobiographer",female,1901-12-27T00:00:00Z,United States of America
142,Marlon Brando,"stage actor, film director, television actor, film actor",male,1924-04-03T00:00:00Z,United States of America
143,Martin Sheen,"actor, actor, Actor, Actor, television producer, television producer, stage actor, stage actor, voice actor, voice actor, film director, film director, film producer, film producer, environmentalist, environmentalist, film actor, film actor, peace activist, peace activist",male,1940-08-03T00:00:00Z,Republic of Ireland
144,Matt Damon,"screenwriter, actor, writer, television producer, voice actor, film producer, television actor, film actor, manufacturer, international forum participant",male,1970-10-08T00:00:00Z,United States of America
145,Matthew McConaughey,"screenwriter, actor, television producer, voice actor, film producer, television actor, film actor",male,1969-11-04T00:00:00Z,United States of America
146,Mel Gibson,"screenwriter, screenwriter, writer, writer, television producer, television producer, stage actor, stage actor, voice actor, voice actor, film director, film director, film producer, film producer, television actor, television actor, film actor, film actor",male,1956-01-03T00:00:00Z,Republic of Ireland
147,Meryl Streep,"actor, television producer, stage actor, voice actor, film producer, television actor, film actor",female,1949-06-22T00:00:00Z,United States of America
148,Mia Farrow,"actor, human rights activist, stage actor, television actor, film actor",female,1945-02-09T00:00:00Z,United States of America
149,Michael Caine,film actor,male,1933-03-14T00:00:00Z,United Kingdom
150,Michael Douglas,"actor, film producer, television actor, film actor",male,1944-09-25T00:00:00Z,United States of America
151,Michelle Pfeiffer,"singer, stage actor, voice actor, film producer, model, television actor, film actor",female,1958-04-29T00:00:00Z,United States of America
152,Milla Jovovich,"actor, poet, nude model, singer, songwriter, guitarist, supermodel, executive producer, dressmaker, voice actor, fashion model, fashion designer, model, television actor, film actor",female,1975-12-17T00:00:00Z,United States of America
153,Morgan Freeman,"actor, television producer, beekeeper, television presenter, character actor, aircraft pilot, stage actor, voice actor, film director, film producer, television actor",male,1937-06-01T00:00:00Z,United States of America
154,Mélanie Laurent,"screenwriter, actor, writer, singer, film director, director, model, film actor",female,1983-02-21T00:00:00Z,France
155,Naomi Watts,"actor, stage actor, voice actor, film producer, television actor, film actor, manufacturer",female,1968-09-28T00:00:00Z,United Kingdom
156,Natalie Portman,"screenwriter, screenwriter, actor, actor, stage actor, stage actor, film director, film director, film producer, film producer, model, model, television actor, television actor, film actor, film actor, manufacturer, manufacturer",female,1981-06-09T00:00:00Z,United States of America
157,Nicole Kidman,"actor, actor, singer, singer, diplomat, diplomat, voice actor, voice actor, film producer, film producer, model, model, television actor, television actor, film actor, film actor, producer, producer",female,1967-06-20T00:00:00Z,United States of America
158,Octavia Spencer,"actor, voice actor, film director, film producer, television actor, film actor",female,1970-05-25T00:00:00Z,United States of America
159,Olga Kurylenko,"actor, actor, voice actor, voice actor, model, model, film actor, film actor",female,1979-11-14T00:00:00Z,France
160,Orson Welles,"screenwriter, actor, playwright, character actor, theatrical producer, stage actor, voice actor, film director, radio personality, film producer, theatrical director, director, film editor, librettist, television actor, film actor, magician",male,1915-05-06T00:00:00Z,United States of America
161,Paul Newman,"screenwriter, actor, entrepreneur, stage actor, voice actor, film director, film producer, racing automobile driver, television actor, film actor",male,1925-01-26T00:00:00Z,United States of America
162,Peter Finch,"actor, stage actor, film actor, actor, stage actor, film actor, actor, stage actor, film actor",male,1916-09-28T00:00:00Z,United Kingdom
163,Peter O'Toole,"actor, actor, stage actor, stage actor, voice actor, voice actor, film director, film director, film producer, film producer, television actor, television actor, film actor, film actor",male,1932-08-02T00:00:00Z,Republic of Ireland
164,Peter Sellers,"screenwriter, actor, singer, comedian, film director, banjoist, television actor, film actor",male,1925-09-08T00:00:00Z,United Kingdom
165,Philip Seymour Hoffman,"actor, character actor, stage actor, voice actor, film director, film producer, theatrical director, television actor, film actor",male,1967-07-23T00:00:00Z,United States of America
166,Rachel McAdams,"actor, stage actor, environmentalist, television actor, film actor",female,1978-11-17T00:00:00Z,Canada
167,Rachel Weisz,"actor, actor, stage actor, stage actor, film director, film director, television actor, television actor, film actor, film actor, audiobook narrator, audiobook narrator",female,1970-03-07T00:00:00Z,United States of America
168,Ralph Fiennes,"actor, character actor, stage actor, voice actor, film director, film producer, television actor, film actor",male,1962-12-22T00:00:00Z,United Kingdom
169,Richard Burton,"actor, actor, stage actor, stage actor, film director, film director, film actor, film actor, diarist, diarist",male,1925-11-10T00:00:00Z,United Kingdom
170,Robert De Niro,"screenwriter, screenwriter, actor, actor, television producer, television producer, theatrical producer, theatrical producer, stage actor, stage actor, voice actor, voice actor, film director, film director, film producer, film producer, film actor, film actor, manufacturer, manufacturer",male,1943-08-17T00:00:00Z,United States of America
171,Robert Downey Jr.,"screenwriter, actor, singer, singer-songwriter, musician, voice actor, film director, film producer, television actor",male,1965-04-04T00:00:00Z,United States of America
172,Robert Duvall,"screenwriter, actor, character actor, stage actor, film director, film producer, television actor, film actor",male,1931-01-05T00:00:00Z,United States of America
173,Robert Mitchum,"screenwriter, actor, singer, songwriter, television actor, film actor",male,1917-08-06T00:00:00Z,United States of America
174,Robert Redford,"actor, businessperson, executive producer, stage actor, voice actor, film director, film producer, environmentalist, television actor, film actor",male,1936-08-18T00:00:00Z,United States of America
175,Robin Williams,"screenwriter, actor, comedian, mime artist, stage actor, voice actor, film producer, television actor, film actor, stand-up comedian, audiobook narrator",male,1951-07-21T00:00:00Z,United States of America
176,Robin Wright,"actor, television producer, film director, film producer, model, television actor, film actor",female,1966-04-08T00:00:00Z,United States of America
177,Rooney Mara,"actor, voice actor, film producer, fashion designer, television actor, film actor",female,1985-04-17T00:00:00Z,United States of America
178,Rosamund Pike,"stage actor, voice actor, television actor, film actor",female,1979-01-27T00:00:00Z,United Kingdom
179,Russell Crowe,"screenwriter, actor, singer, musician, character actor, film director, film producer, television actor, film actor",male,1964-04-07T00:00:00Z,New Zealand
180,Sally Hawkins,"screenwriter, actor, stage actor, film actor",female,1976-04-27T00:00:00Z,United Kingdom
181,Samara Weaving,"screenwriter, actor, film director, model",female,1992-02-23T00:00:00Z,Australia
182,Samuel L. Jackson,"actor, actor, television producer, television producer, character actor, character actor, voice actor, voice actor, film producer, film producer, television actor, television actor, film actor, film actor",male,1948-12-21T00:00:00Z,United States of America
183,Saoirse Ronan,"actor, actor, stage actor, stage actor, television actor, television actor, film actor, film actor",female,1994-04-12T00:00:00Z,United States of America
184,Scarlett Johansson,"singer, singer, stage actor, stage actor, voice actor, voice actor, film director, film director, model, model, film actor, film actor, recording artist, recording artist",female,1984-11-22T00:00:00Z,United States of America
185,Sean Connery,"screenwriter, actor, milkman, character actor, stage actor, voice actor, film producer, television actor, film actor",male,1930-08-25T00:00:00Z,United Kingdom
186,Sean Penn,"screenwriter, actor, writer, politician, stage actor, voice actor, film director, film producer, television actor, film actor, political activist, LGBTQI+ rights activist",male,1960-08-17T00:00:00Z,United States of America
187,Sharon Stone,"voice actor, film producer, erotic photography model, model, television actor, film actor",female,1958-03-10T00:00:00Z,United States of America
188,Shelley Duvall,"screenwriter, singer, comedian, television producer, voice actor, film producer, film actor",female,1949-07-07T00:00:00Z,United States of America
189,Sidney Poitier,"actor, actor, writer, writer, diplomat, diplomat, author, author, television producer, television producer, stage actor, stage actor, film director, film director, film producer, film producer, theatrical director, theatrical director, television actor, television actor, film actor, film actor, autobiographer, autobiographer",male,1927-02-20T00:00:00Z,United States of America
190,Sigourney Weaver,"actor, stage actor, voice actor, film producer, television actor, film actor",female,1949-10-08T00:00:00Z,United States of America
191,Spencer Tracy,"actor, stage actor, film actor",male,1900-04-05T00:00:00Z,United States of America
192,Steve McQueen,"actor, actor, stage actor, stage actor, motorcycle racer, motorcycle racer, racing automobile driver, racing automobile driver, television actor, television actor, film actor, film actor",male,1930-03-24T00:00:00Z,United States of America
193,Talia Shire,"actor, film producer, television actor, film actor",female,1946-04-25T00:00:00Z,United States of America
194,Tilda Swinton,"actor, actor, exhibition curator, exhibition curator, stage actor, stage actor, voice actor, voice actor, film director, film director, performance artist, performance artist, film actor, film actor",female,1960-11-04T00:00:00Z,United Kingdom
195,Tom Cruise,"film director, film producer, film actor",male,1962-07-03T00:00:00Z,United States of America
196,Tom Hanks,"screenwriter, screenwriter, actor, actor, writer, writer, composer, composer, comedian, comedian, television producer, television producer, television presenter, television presenter, character actor, character actor, executive producer, executive producer, television director, television director, stage actor, stage actor, voice actor, voice actor, film director, film director, film producer, film producer, director, director, television actor, television actor, film actor, film actor, short story writer, short story writer, narrator, narrator",male,1956-07-09T00:00:00Z,United States of America
197,Tommy Lee Jones,"film director, film producer, film actor",male,1946-09-15T00:00:00Z,United States of America
198,Uma Thurman,"screenwriter, actor, television producer, voice actor, film producer, model, television actor, film actor, international forum participant",female,1970-04-29T00:00:00Z,United States of America
199,Vera Farmiga,"television producer, stage actor, film director, film producer, television actor, film actor",female,1973-08-06T00:00:00Z,United States of America
200,Viola Davis,"television producer, stage actor, television actor, film actor",female,1965-08-11T00:00:00Z,United States of America
201,Virginia Cherrill,"actor, film actor",female,1908-04-12T00:00:00Z,United States of America
202,Vivien Leigh,"actor, stage actor, film actor",female,1913-11-05T00:00:00Z,United Kingdom
203,Will Smith,"actor, singer, film producer",male,1968-09-25T00:00:00Z,United States of America
204,William Holden,"actor, television actor, film actor",male,1918-04-17T00:00:00Z,United States of America
205,Woody Allen,"screenwriter, writer, composer, clarinetist, playwright, comedian, character actor, journalist, film director, film producer, film actor, jazz musician, science fiction writer",male,1935-12-01T00:00:00Z,United States of America
